1,1545569712,1,2,3,4
1,1545670712,1,2,3,4
1,1545671712,1,2,3,4
1,1545671712,1,2,3,4
1,1545672712,1,2,3,4
1,1545672712,1,2,3,4
1,1545673712,1,2,3,4
1,1545673712,1,2,3,4
1,1545674712,1,2,3,4
1,1545674712,1,2,3,4
1,1545675712,1,2,3,4
1,1545675712,1,2,3,4
1,1545675712,1,2,3,4
1,1545676712,1,2,3,4
1,1545676712,1,2,3,4
1,1545677712,1,2,3,4
1,1545677712,1,2,3,4
1,1545678712,1,2,3,4
1,1545678712,1,2,3,4
1,1545679712,1,2,3,4
1,1545679712,1,2,3,4
1,1545680712,1,2,3,4
1,1545680712,1,2,3,4
1,1545681712,1,2,3,4
1,1545681712,1,2,3,4
1,1545682712,1,2,3,4
1,1545682712,1,2,3,4
1,1545683712,1,2,3,4
1,1545683712,1,2,3,4
1,1545684712,1,2,3,4
1,1545684712,1,2,3,4
1,1545684712,1,2,3,4
1,1545685712,1,2,3,4
1,1545685712,1,2,3,4
1,1545686712,1,2,3,4
1,1545686712,1,2,3,4
1,1545687712,1,2,3,4
1,1545687712,1,2,3,4
1,1545688712,1,2,3,4
1,1545688712,1,2,3,4
1,1545689712,1,2,3,4
1,1545689712,1,2,3,4
1,1545690712,1,2,3,4
1,1545690712,1,2,3,4
1,1545691712,1,2,3,4
1,1545691712,1,2,3,4
1,1545691712,1,2,3,4
1,1545692712,1,2,3,4
1,1545692712,1,2,3,4
1,1545693712,1,2,3,4
1,1545693712,1,2,3,4
1,1545694712,1,2,3,4
1,1545694712,1,2,3,4
1,1545694712,1,2,3,4
1,1545695712,1,2,3,4
1,1545695712,1,2,3,4
1,1545696712,1,2,3,4
1,1545696712,1,2,3,4
1,1545697712,1,2,3,4
1,1545697712,1,2,3,4
1,1545698712,1,2,3,4
1,1545698712,1,2,3,4
1,1545699712,1,2,3,4
1,1545699712,1,2,3,4
1,1545700712,1,2,3,4
1,1545700712,1,2,3,4
1,1545701712,1,2,3,4
1,1545701712,1,2,3,4
1,1545701712,1,2,3,4
1,1545702712,1,2,3,4
1,1545702712,1,2,3,4
1,1545703712,1,2,3,4
1,1545703712,1,2,3,4
1,1545704712,1,2,3,4
1,1545704712,1,2,3,4
1,1545705712,1,2,3,4
1,1545707712,1,2,3,4
1,1545707712,1,2,3,4
1,1545708712,1,2,3,4
1,1545708712,1,2,3,4
1,1545708712,1,2,3,4
1,1545709712,1,2,3,4
1,1545709712,1,2,3,4
1,1545710712,1,2,3,4
1,1545710712,1,2,3,4
1,1545711712,1,2,3,4
1,1545711712,1,2,3,4
1,1545712712,1,2,3,4
1,1545712712,1,2,3,4
1,1545713712,1,2,3,4
1,1545713712,1,2,3,4
1,1545713712,1,2,3,4
1,1545715712,1,2,3,4
1,1545716712,1,2,3,4
1,1545716712,1,2,3,4
1,1545717712,1,2,3,4
1,1545718712,1,2,3,4
1,1545718712,1,2,3,4
1,1545718712,1,2,3,4
1,1545719712,1,2,3,4
1,1545719712,1,2,3,4
1,1545720712,1,2,3,4
1,1545720712,1,2,3,4
1,1545721712,1,2,3,4
1,1545721712,1,2,3,4
1,1545722712,1,2,3,4
1,1545722712,1,2,3,4
1,1545723712,1,2,3,4
1,1545723712,1,2,3,4
1,1545724712,1,2,3,4
1,1545724712,1,2,3,4
1,1545725712,1,2,3,4
1,1545725712,1,2,3,4
1,1545726712,1,2,3,4
1,1545726712,1,2,3,4
1,1545727712,1,2,3,4
1,1545727712,1,2,3,4
1,1545728712,1,2,3,4
1,1545728712,1,2,3,4
1,1545729712,1,2,3,4
1,1545729712,1,2,3,4
1,1545730712,1,2,3,4
1,1545730712,1,2,3,4
1,1545730712,1,2,3,4
1,1545731712,1,2,3,4
1,1545731712,1,2,3,4
1,1545732712,1,2,3,4
1,1545732712,1,2,3,4
1,1545733712,1,2,3,4
1,1545733712,1,2,3,4
1,1545734712,1,2,3,4
1,1545734712,1,2,3,4
1,1545735712,1,2,3,4
1,1545735712,1,2,3,4
1,1545736712,1,2,3,4
1,1545736712,1,2,3,4
1,1545737712,1,2,3,4
1,1545737712,1,2,3,4
1,1545738712,1,2,3,4
1,1545738712,1,2,3,4
1,1545739712,1,2,3,4
1,1545739712,1,2,3,4
1,1545740712,1,2,3,4
1,1545740712,1,2,3,4
1,1545740712,1,2,3,4
1,1545741712,1,2,3,4
1,1545741712,1,2,3,4
1,1545742712,1,2,3,4
1,1545743712,1,2,3,4
1,1545743712,1,2,3,4
1,1545744712,1,2,3,4
1,1545744712,1,2,3,4
1,1545745712,1,2,3,4
1,1545745712,1,2,3,4
1,1545746712,1,2,3,4
1,1545746712,1,2,3,4
1,1545746712,1,2,3,4
1,1545747712,1,2,3,4
1,1545747712,1,2,3,4
1,1545748712,1,2,3,4
1,1545748712,1,2,3,4
1,1545749712,1,2,3,4
1,1545749712,1,2,3,4
1,1545750712,1,2,3,4
1,1545750712,1,2,3,4
1,1545751712,1,2,3,4
1,1545751712,1,2,3,4
1,1545752712,1,2,3,4
1,1545752712,1,2,3,4
1,1545754712,1,2,3,4
1,1545754712,1,2,3,4
1,1545755712,1,2,3,4
1,1545755712,1,2,3,4
1,1545756712,1,2,3,4
1,1545756712,1,2,3,4
1,1545757712,1,2,3,4
1,1545757712,1,2,3,4
1,1545758712,1,2,3,4
1,1545758712,1,2,3,4
1,1545759712,1,2,3,4
1,1545759712,1,2,3,4
1,1545760712,1,2,3,4
1,1545761712,1,2,3,4
1,1545761712,1,2,3,4
1,1545762712,1,2,3,4
1,1545762712,1,2,3,4
1,1545763712,1,2,3,4
1,1545763712,1,2,3,4
1,1545763712,1,2,3,4
1,1545764712,1,2,3,4
1,1545764712,1,2,3,4
1,1545765712,1,2,3,4
1,1545765712,1,2,3,4
1,1545766712,1,2,3,4
1,1545766712,1,2,3,4
1,1545767712,1,2,3,4
1,1545767712,1,2,3,4
